1,test123,1234,홍길동,M,1987-11-23,2019-02-01
2,hi77,1234,김만수,F,1990-01-01,2019-02-02
3,spring7,12121234,최고동,M,1990-05-05,2019-02-03
4,mystudy,1234,삼돌이,F,2005-01-03,2019-02-03
5,st123,771234,조봉암,M,1990-01-04,2017-02-03
6,hongnam,1234,최영아,F,1992-01-05,2019-02-06
7,minho,1234,길가수,M,1990-10-06,2019-02-07
8,mysum,1234,손흥만,F,1990-09-07,2017-02-08
9,guri1004,123456,차붐,M,2000-12-08,2019-02-09
10,hohoho,1234,슛돌이,F,1990-01-09,2019-02-10
11,se997,1234,만수루,M,2001-01-10,2019-02-11
12,st2002,1234,이수미,F,1990-01-11,2016-02-12
13,best1988,1234,홍길동,M,1990-01-12,2019-02-13
14,ddr33,112234,이찬미,F,2003-01-13,2019-02-14
15,kokomi,1234,홍길동,M,2003-01-14,2019-02-15
16,koreaman,123456,홍길동,F,2003-01-15,2017-02-01
17,st117,1234,세도리,M,2003-01-16,2019-02-02
18,st1004,1234,김영희,F,2003-01-17,2019-02-03
19,st119,1234,김세찌,M,1995-01-18,2019-02-04
20,st120,1234,강민영,F,1995-01-19,2019-02-05
21,kbl777,1234,최길동,M,1995-10-05,2019-02-06
22,htmlhtml,1234,조미인,F,1998-01-21,2019-02-07
23,himedia,1234,퍼거슨,M,1999-01-22,2019-02-08
